{
    "LoRA_type": "Standard",
    "adaptive_noise_scale": 0.00357,
    "additional_parameters": "",
    "block_alphas": "",
    "block_dims": "",
    "block_lr_zero_threshold": "",
    "bucket_no_upscale": false,
    "bucket_reso_steps": 32,
    "cache_latents": true,
    "cache_latents_to_disk": true,
    "caption_dropout_every_n_epochs": 0.0,
    "caption_dropout_rate": 0,
    "caption_extension": ".txt",
    "clip_skip": "1",
    "color_aug": false,
    "conv_alpha": 4,
    "conv_block_alphas": "",
    "conv_block_dims": "",
    "conv_dim": 4,
    "decompose_both": false,
    "dim_from_weights": false,
    "down_lr_weight": "",
    "enable_bucket": true,
    "epoch": 10,
    "factor": -1,
    "flip_aug": false,
    "full_bf16": false,
    "full_fp16": false,
    "gradient_accumulation_steps": 1,
    "gradient_checkpointing": true,
    "keep_tokens": 1,
    "learning_rate": 0.0001,
    "lora_network_weights": "",
    "lr_scheduler": "cosine",
    "lr_scheduler_args": "",
    "lr_scheduler_num_cycles": "1",
    "lr_scheduler_power": "",
    "lr_warmup": 0,
    "max_bucket_reso": 2048,
    "max_data_loader_n_workers": "0",
    "max_resolution": "1024,1024",
    "max_timestep": 1000,
    "max_token_length": "75",
    "max_train_epochs": "",
    "max_train_steps": "",
    "mem_eff_attn": false,
    "mid_lr_weight": "",
    "min_bucket_reso": 64,
    "min_snr_gamma": 0,
    "min_timestep": 0,
    "mixed_precision": "bf16",
    "module_dropout": 0,
    "multires_noise_discount": 0,
    "multires_noise_iterations": 0,
    "network_alpha": 46,
    "network_dim": 92,
    "network_dropout": 0,
    "no_token_padding": false,
    "noise_offset": 0.0357,
    "noise_offset_type": "Original",
    "num_cpu_threads_per_process": 2,
    "optimizer": "AdamW8bit",
    "optimizer_args": "",
    "persistent_data_loader_workers": false,
    "prior_loss_weight": 1.0,
    "random_crop": false,
    "rank_dropout": 0,
    "save_every_n_epochs": 2,
    "save_every_n_steps": 0,
    "save_last_n_steps": 0,
    "save_last_n_steps_state": 0,
    "save_precision": "bf16",
    "scale_v_pred_loss_like_noise_pred": false,
    "scale_weight_norms": 1,
    "sdxl": true,
    "sdxl_cache_text_encoder_outputs": false,
    "sdxl_no_half_vae": true,
    "seed": "12345",
    "shuffle_caption": false,
    "stop_text_encoder_training_pct": 0,
    "text_encoder_lr": 0.0001,
    "train_batch_size": 1,
    "train_on_input": false,
    "training_comment": "Good for faces. Use 20 1024x1024 cropped images, 20 repeats, Blip captions, but 'woman' replaced with 'khls woman', https://civitai.com/user/dogu_cat/models",
    "unet_lr": 0.0001,
    "unit": 1,
    "up_lr_weight": "",
    "use_cp": false,
    "log_with": "",
    "v2": false,
    "v_parameterization": false,
    "v_pred_like_loss": 0,
    "vae_batch_size": 0,
    "weighted_captions": false,
    "xformers": "xformers"
}