{
    "LoRA_type": "LyCORIS/LoKr",
    "LyCORIS_preset": "full",
    "adaptive_noise_scale": 0,
    "additional_parameters": "--lr_scheduler_type \"CosineAnnealingLR\" --lr_scheduler_args \"T_max=1000\" \"eta_min=0e-0\"",
    "block_alphas": "",
    "block_dims": "",
    "block_lr_zero_threshold": "",
    "bucket_no_upscale": false,
    "bucket_reso_steps": 32,
    "cache_latents": true,
    "cache_latents_to_disk": true,
    "caption_dropout_every_n_epochs": 0.0,
    "caption_dropout_rate": 0,
    "caption_extension": ".txt",
    "clip_skip": "1",
    "color_aug": false,
    "constrain": 0.0,
    "conv_alpha": 1,
    "conv_block_alphas": "",
    "conv_block_dims": "",
    "conv_dim": 100000,
    "debiased_estimation_loss": true,
    "decompose_both": false,
    "dim_from_weights": false,
    "down_lr_weight": "",
    "enable_bucket": true,
    "epoch": 100,
    "factor": 6,
    "flip_aug": false,
    "fp8_base": false,
    "full_bf16": false,
    "full_fp16": false,
    "gpu_ids": "",
    "gradient_accumulation_steps": 1,
    "gradient_checkpointing": true,
    "keep_tokens": "0",
    "learning_rate": 1.0,
    "lora_network_weights": "",
    "lr_scheduler": "cosine",
    "lr_scheduler_args": "",
    "lr_scheduler_num_cycles": "1",
    "lr_scheduler_power": "",
    "lr_warmup": 0,
    "max_bucket_reso": 2048,
    "max_data_loader_n_workers": "0",
    "max_grad_norm": 1,
    "max_resolution": "1024,1024",
    "max_timestep": 1000,
    "max_token_length": "75",
    "max_train_epochs": "",
    "max_train_steps": "160",
    "mem_eff_attn": false,
    "mid_lr_weight": "",
    "min_bucket_reso": 256,
    "min_snr_gamma": 5,
    "min_timestep": 0,
    "mixed_precision": "bf16",
    "module_dropout": 0,
    "multi_gpu": false,
    "multires_noise_discount": 0.1,
    "multires_noise_iterations": 5,
    "network_alpha": 1,
    "network_dim": 100000,
    "network_dropout": 0,
    "noise_offset": 0,
    "noise_offset_type": "Multires",
    "num_cpu_threads_per_process": 2,
    "num_machines": 1,
    "num_processes": 1,
    "optimizer": "Prodigy",
    "optimizer_args": "\"d0=1e-5\" \"d_coef=1.0\" \"weight_decay=0.4\" \"decouple=True\" \"safeguard_warmup=True\" \"use_bias_correction=True\"",
    "persistent_data_loader_workers": false,
    "prior_loss_weight": 1.0,
    "random_crop": false,
    "rank_dropout": 0,
    "rank_dropout_scale": false,
    "rescaled": false,
    "save_every_n_epochs": 10,
    "save_every_n_steps": 0,
    "save_last_n_steps": 0,
    "save_last_n_steps_state": 0,
    "save_precision": "bf16",
    "scale_v_pred_loss_like_noise_pred": false,
    "scale_weight_norms": 0,
    "sdxl": true,
    "sdxl_cache_text_encoder_outputs": false,
    "sdxl_no_half_vae": true,
    "seed": "12345",
    "shuffle_caption": true,
    "stop_text_encoder_training_pct": 0,
    "text_encoder_lr": 1.0,
    "train_batch_size": 1,
    "train_norm": false,
    "train_on_input": true,
    "training_comment": "trigger: 1girl, solo, long hair, breasts, looking at viewer, smile, large breasts, brown hair, holding, brown eyes, standing, swimsuit, flower, bikini, lips, highleg, realistic, pink bikini, holding flower",
    "unet_lr": 1.0,
    "unit": 1,
    "up_lr_weight": "",
    "use_cp": false,
    "use_scalar": false,
    "use_tucker": false,
    "log_with": "",
    "v2": false,
    "v_parameterization": false,
    "v_pred_like_loss": 0,
    "vae": "",
    "vae_batch_size": 0,
    "weighted_captions": false,
    "xformers": "xformers"
}