{
  "analyze": "analyse",
  "behavior": "behaviour",
  "color": "colour",
  "flavor": "flavour",
  "honor": "honour",
  "humor": "humour",
  "localization": "localisation",
  "localize": "localise",
  "neighbor": "neighbour",
  "offense": "offence",
  "oriented": "orientated",
  "practice": "practise",
  "pretense": "pretence",
  "program": "programme",
  "recognize": "recognise",
  "regularization": "regularisation",
  "savior": "saviour",
  "signaling": "signalling",
  "specialization": "specialisation",
  "stabilization": "stabilisation",
  "standardization": "standardisation",
  "utilize": "utilise"
}